period,promotions_selected,max_promotions_allowed,expected_retailer_funded_markdown,expected_full_consumer_discount_value,max_realized_retailer_funded_markdown
1,3,3,0.407395022,4.073950216,0.544844065
2,2,3,0.436149474,4.361494742,0.528587681
3,3,3,0.424440755,4.244407554,0.583758027
4,2,3,0.049892753,0.498927534,0.063299844
5,0,3,0,0,0
