scenario,probability,total_demand,fulfilled_sales,lost_sales,fill_rate,shipped_quantity,used_capacity,available_capacity
1,0.25,43.953498,43.953498,0,1,36.691177,714.168679246,1500
2,0.5,69.259718,69.259718,0,1,61.997397,1206.836896442,1500
3,0.25,94.639736,84.311735896,10.328000104,0.890870362,77.049414896,1500,1500
